details,prix,adresse,img_link,source,page
Lapins métis californiens,10 000,"Keur Massar, Sénégal",https://images.coinafrique.com/thumb_5198096_uploaded_image1_1740225080.jpg,"Poules, Lapins et Pigeons",1
Lapin Californien,120 000,"Almadies 2, Dakar, Sénégal",https://images.coinafrique.com/thumb_5189123_uploaded_image1_1739781768.jpg,"Poules, Lapins et Pigeons",1
Pigeon voyageur,5 000,"Dakar Plateau, Dakar, Sénégal",https://images.coinafrique.com/thumb_5180652_uploaded_image1_1739276152.jpg,"Poules, Lapins et Pigeons",1
Poussin herminé,10 000,"Dakar, Sénégal",https://images.coinafrique.com/thumb_5179009_uploaded_image1_1739192841.jpg,"Poules, Lapins et Pigeons",1
Femelle brahma caillouté,55 000,"Rufisque, Sénégal",https://images.coinafrique.com/thumb_5159050_uploaded_image1_1738156403.jpg,"Poules, Lapins et Pigeons",1
Femelle brahma caillouté,55 000,"Rufisque, Sénégal",https://images.coinafrique.com/thumb_5159019_uploaded_image1_1738155613.jpg,"Poules, Lapins et Pigeons",1
Femelle Barmane,35 000,"Rufisque, Sénégal",https://images.coinafrique.com/thumb_5124363_uploaded_image1_1736298689.jpg,"Poules, Lapins et Pigeons",1
Pigeon Mondain,150 000,"Guediawaye, Dakar, Sénégal",https://images.coinafrique.com/thumb_5121788_uploaded_image1_1736179154.jpg,"Poules, Lapins et Pigeons",1
Mâle Brahma,Prix sur demande,"Mbour, Sénégal",https://images.coinafrique.com/thumb_5121430_uploaded_image1_1736164839.jpg,"Poules, Lapins et Pigeons",1
Lapin,12 000,"Diamniadio, Sénégal",https://images.coinafrique.com/thumb_5119498_uploaded_image1_1736025924.jpg,"Poules, Lapins et Pigeons",1
Lapin,12 000,"Diamniadio, Sénégal",https://images.coinafrique.com/thumb_5119494_uploaded_image1_1736025705.jpg,"Poules, Lapins et Pigeons",1
Poussin Herminé,36 000,"Dakar, Sénégal",https://images.coinafrique.com/thumb_5107651_uploaded_image1_1735215733.jpg,"Poules, Lapins et Pigeons",1
Poussins,Prix sur demande,"Parcelle Assainies, Dakar, Sénégal",https://images.coinafrique.com/thumb_5104370_uploaded_image1_1734964382.jpg,"Poules, Lapins et Pigeons",1
Couple lahore lavande,30 000,"Patte d'oie, Dakar, Sénégal",https://images.coinafrique.com/thumb_5088564_uploaded_image1_1734010113.jpg,"Poules, Lapins et Pigeons",1
Pigeon Mondain,200 000,"Rufisque, Sénégal",https://images.coinafrique.com/thumb_5085521_uploaded_image1_1733851166.jpg,"Poules, Lapins et Pigeons",1
Poussin brahman,25 000,"Pikine, Sénégal",https://images.coinafrique.com/thumb_5080703_uploaded_image1_1733571477.jpg,"Poules, Lapins et Pigeons",1
Mondain noir,150 000,"Guediawaye, Dakar, Sénégal",https://images.coinafrique.com/thumb_5078519_uploaded_image1_1733444790.jpg,"Poules, Lapins et Pigeons",1
couple boulon saxe,45 000,"Mariste, Dakar, Sénégal",https://images.coinafrique.com/thumb_5069958_uploaded_image1_1733056070.jpg,"Poules, Lapins et Pigeons",1
Couple adulte métisses,35 000,"Pikine, Sénégal",https://images.coinafrique.com/thumb_5064256_uploaded_image1_1732714222.jpg,"Poules, Lapins et Pigeons",1
Poule Brahma,45 000,"Pikine, Sénégal",https://images.coinafrique.com/thumb_5044135_uploaded_image1_1731603018.jpg,"Poules, Lapins et Pigeons",1
Couple mantau écailles de 2 mois,15 000,"Mbour, Sénégal",https://images.coinafrique.com/thumb_5043101_uploaded_image1_1731565347.jpg,"Poules, Lapins et Pigeons",1
lapins mâle adulte,15 000,"Pikine, Sénégal",https://images.coinafrique.com/thumb_5000540_uploaded_image1_1729260478.jpg,"Poules, Lapins et Pigeons",1
Rex garenne,Prix sur demande,"Almadies 2, Dakar, Sénégal",https://images.coinafrique.com/thumb_4998472_uploaded_image1_1729159431.jpg,"Poules, Lapins et Pigeons",1
Pigeon pan indien,10 000,"Patte d'oie, Dakar, Sénégal",https://images.coinafrique.com/thumb_4996843_uploaded_image1_1729085675.jpg,"Poules, Lapins et Pigeons",1
Poule Brahma,Prix sur demande,"Parcelle Assainies, Dakar, Sénégal",https://images.coinafrique.com/thumb_4993341_uploaded_image1_1728920307.jpg,"Poules, Lapins et Pigeons",1
Couple lapins,15 000,"Pikine, Sénégal",https://images.coinafrique.com/thumb_4981240_uploaded_image1_1728309289.jpg,"Poules, Lapins et Pigeons",1
Lapins,15 000,"Grand Yoff, Dakar, Sénégal",https://images.coinafrique.com/thumb_4975768_uploaded_image1_1727986043.jpg,"Poules, Lapins et Pigeons",1
Coq,3 000,"Hann Bel-Air, Dakar, Sénégal",https://images.coinafrique.com/thumb_4975038_uploaded_image1_1727964716.jpg,"Poules, Lapins et Pigeons",1
Lapin,15 000,"Keur Massar, Sénégal",https://images.coinafrique.com/thumb_4966470_uploaded_image1_1727557573.jpg,"Poules, Lapins et Pigeons",1
Lapin,50 000,"Almadies, Dakar, Sénégal",https://images.coinafrique.com/thumb_4954195_uploaded_image1_1726867840.jpg,"Poules, Lapins et Pigeons",1
Pigeon voyageur,Prix sur demande,"Mariste, Dakar, Sénégal",https://images.coinafrique.com/thumb_4946879_uploaded_image1_1726499763.jpg,"Poules, Lapins et Pigeons",1
Pigeon voyageur,15 000,"Mariste, Dakar, Sénégal",https://images.coinafrique.com/thumb_4946878_uploaded_image1_1726499637.jpg,"Poules, Lapins et Pigeons",1
Poulets Fermiers,10 000,"Hann Bel-Air, Dakar, Sénégal",https://images.coinafrique.com/thumb_4942161_uploaded_image1_1726204258.jpg,"Poules, Lapins et Pigeons",1
Pigeon voyageur,25 000,"Mariste, Dakar, Sénégal",https://images.coinafrique.com/thumb_4936241_uploaded_image1_1725920934.jpg,"Poules, Lapins et Pigeons",1
Poule Brahma,Prix sur demande,"Dakar, Sénégal",https://images.coinafrique.com/thumb_4936101_uploaded_image1_1725915391.jpg,"Poules, Lapins et Pigeons",1
couples lapins,15 000,"Pikine, Sénégal",https://images.coinafrique.com/thumb_4932369_uploaded_image1_1725702422.jpg,"Poules, Lapins et Pigeons",1
Métisse Brahma,50 000,"Grand Yoff, Dakar, Sénégal",https://images.coinafrique.com/thumb_4921301_uploaded_image1_1725195914.jpg,"Poules, Lapins et Pigeons",1
Pigeons Voyageurs  et boulants,Prix sur demande,"Dakar, Sénégal",https://images.coinafrique.com/thumb_4920745_uploaded_image1_1725167512.jpg,"Poules, Lapins et Pigeons",1
pigeon voyageur,Prix sur demande,"Guediawaye, Dakar, Sénégal",https://images.coinafrique.com/thumb_4917441_uploaded_image1_1724967120.jpg,"Poules, Lapins et Pigeons",1
Pigeon Boulant Gaditano,Prix sur demande,"Dakar, Sénégal",https://images.coinafrique.com/thumb_4884507_uploaded_image1_1723139531.jpg,"Poules, Lapins et Pigeons",1
Poules Bleu Hollande,5 000,"Keur Massar, Sénégal",https://images.coinafrique.com/thumb_4877982_uploaded_image1_1722858918.jpg,"Poules, Lapins et Pigeons",1
Lapereaux Gdf,60 000,"Mbao, Dakar, Sénégal",https://images.coinafrique.com/thumb_4868318_uploaded_image1_1722369912.jpg,"Poules, Lapins et Pigeons",1
Lapin nain,30 000,"Parcelle Assainies, Dakar, Sénégal",https://images.coinafrique.com/thumb_4865409_uploaded_image1_1722221284.jpg,"Poules, Lapins et Pigeons",1
Cochin Caillouté Et Porteur Caillouté,Prix sur demande,"Pikine, Sénégal",https://images.coinafrique.com/thumb_4862961_uploaded_image1_1722048205.jpg,"Poules, Lapins et Pigeons",1
Pigeon mondain noir,170 000,"Guediawaye, Dakar, Sénégal",https://images.coinafrique.com/thumb_4862270_uploaded_image1_1722006320.jpg,"Poules, Lapins et Pigeons",1
Pan indien blanc,35 000,"Mermoz-Sacré Coeur, Dakar, Sénégal",https://images.coinafrique.com/thumb_4860862_uploaded_image1_1721930737.jpg,"Poules, Lapins et Pigeons",1
Pigeons  Texan,20 000,"Mermoz-Sacré Coeur, Dakar, Sénégal",https://images.coinafrique.com/thumb_4860848_uploaded_image1_1721930260.jpg,"Poules, Lapins et Pigeons",1
Couple pigeon mondain blanc,70 000,"Mbao, Dakar, Sénégal",https://images.coinafrique.com/thumb_4853197_uploaded_image1_1721514569.jpg,"Poules, Lapins et Pigeons",1
Paires engoura,Prix sur demande,"Mbao, Dakar, Sénégal",https://images.coinafrique.com/thumb_4841263_uploaded_image1_1720874099.jpg,"Poules, Lapins et Pigeons",1
Jeune Mondain 2024,150 000,"Thiaroye, Sénégal",https://images.coinafrique.com/thumb_4840128_uploaded_image1_1720797760.jpg,"Poules, Lapins et Pigeons",1
Œufs fertiles et poussins de goliath,15 000,"Fass, Dakar, Sénégal",https://images.coinafrique.com/thumb_4836511_uploaded_image1_1720629763.jpg,"Poules, Lapins et Pigeons",1
Lapereaux métisse Géant et Californien,15 000,"Mbao, Dakar, Sénégal",https://images.coinafrique.com/thumb_4829597_uploaded_image1_1720290196.jpg,"Poules, Lapins et Pigeons",1
Poussin Herminé standard,Prix sur demande,"Dakar, Sénégal",https://images.coinafrique.com/thumb_4824502_uploaded_image1_1720037338.jpg,"Poules, Lapins et Pigeons",1
Mâle brahman Hierminés,Prix sur demande,"Dakar, Sénégal",https://images.coinafrique.com/thumb_4824501_uploaded_image1_1720037293.jpg,"Poules, Lapins et Pigeons",1
Cochin porteur caillouté paire,120 000,"Mbao, Dakar, Sénégal",https://images.coinafrique.com/thumb_4818681_uploaded_image1_1719796046.jpg,"Poules, Lapins et Pigeons",1
Hermines et cochins,500,"Mermoz-Sacré Coeur, Dakar, Sénégal",https://images.coinafrique.com/thumb_4817873_uploaded_image1_1719747122.jpg,"Poules, Lapins et Pigeons",1
Jeune mâle hermine,60 000,"Dakar Plateau, Dakar, Sénégal",https://images.coinafrique.com/thumb_4810642_uploaded_image1_1719347241.jpg,"Poules, Lapins et Pigeons",1
Poulet du pays,3 500,"Saint Louis, Sénégal",https://images.coinafrique.com/thumb_4807968_uploaded_image1_1719229010.jpg,"Poules, Lapins et Pigeons",1
Poule Brahma,95 000,"Rufisque, Sénégal",https://images.coinafrique.com/thumb_4807398_uploaded_image1_1719187421.jpg,"Poules, Lapins et Pigeons",1
Jeune couple Mondain,Prix sur demande,"Guediawaye, Dakar, Sénégal",https://images.coinafrique.com/thumb_4800310_uploaded_image1_1718745887.jpg,"Poules, Lapins et Pigeons",1
Texan pionnier,Prix sur demande,"Guediawaye, Dakar, Sénégal",https://images.coinafrique.com/thumb_4800306_uploaded_image1_1718745517.jpg,"Poules, Lapins et Pigeons",1
Poulet race,Prix sur demande,"Keur Massar, Sénégal",https://images.coinafrique.com/thumb_4787594_uploaded_image1_1717954434.jpg,"Poules, Lapins et Pigeons",1
Poulets,2 500,"Dakar, Sénégal",https://images.coinafrique.com/thumb_4767951_uploaded_image1_1716976720.jpg,"Poules, Lapins et Pigeons",1
Couple lapereau fauve de bourgogne,40 000,"Lac rose, Sénégal",https://images.coinafrique.com/thumb_4751808_uploaded_image1_1716133783.jpg,"Poules, Lapins et Pigeons",1
Poulets de chair,1 500,"Mbao, Dakar, Sénégal",https://images.coinafrique.com/thumb_4696598_uploaded_image1_1713352074.jpg,"Poules, Lapins et Pigeons",1
Poulet,Prix sur demande,"Thies, Sénégal",https://images.coinafrique.com/thumb_4738369_uploaded_image1_1715444473.jpg,"Poules, Lapins et Pigeons",1
Pigeons voyageurs,Prix sur demande,"Dakar, Sénégal",https://images.coinafrique.com/thumb_4729764_uploaded_image1_1715037972.jpg,"Poules, Lapins et Pigeons",1
Volaille,Prix sur demande,"Mbao, Dakar, Sénégal",https://images.coinafrique.com/thumb_4724548_uploaded_image1_1714767368.jpg,"Poules, Lapins et Pigeons",1
Poulet Nègre de soie,35 000,"Almadies, Dakar, Sénégal",https://images.coinafrique.com/thumb_4723223_uploaded_image1_1714727157.jpg,"Poules, Lapins et Pigeons",1
Lapin Angora,20 000,"Mamelles, Dakar, Sénégal",https://images.coinafrique.com/thumb_4714367_uploaded_image1_1714245668.jpg,"Poules, Lapins et Pigeons",1
Pigeons King mâle,35 000,"Dakar, Sénégal",https://images.coinafrique.com/thumb_4704120_uploaded_image1_1713750109.jpg,"Poules, Lapins et Pigeons",1
Lapereaux,13 500,"Guediawaye, Dakar, Sénégal",https://images.coinafrique.com/thumb_4703012_uploaded_image1_1713680804.jpg,"Poules, Lapins et Pigeons",1
Pigeon Mâle voyageur,Prix sur demande,"Dakar, Sénégal",https://images.coinafrique.com/thumb_4690859_uploaded_image1_1713063647.jpg,"Poules, Lapins et Pigeons",1
Couple Pigeons voyageur,15 000,"Dakar, Sénégal",https://images.coinafrique.com/thumb_4690857_uploaded_image1_1713063525.jpg,"Poules, Lapins et Pigeons",1
Pigeon Mondain écailler,170 000,"Guediawaye, Dakar, Sénégal",https://images.coinafrique.com/thumb_4685152_uploaded_image1_1712756876.jpg,"Poules, Lapins et Pigeons",1
Poulets de chair,Prix sur demande,"Mbour, Sénégal",https://images.coinafrique.com/thumb_4667518_uploaded_image1_1711842967.jpg,"Poules, Lapins et Pigeons",1
Femelle andalou,250 000,"Guediawaye, Dakar, Sénégal",https://images.coinafrique.com/thumb_4667144_uploaded_image1_1711815313.jpg,"Poules, Lapins et Pigeons",1
Pigeon voyageur à manteau,Prix sur demande,"Cambérène, Dakar, Sénégal",https://images.coinafrique.com/thumb_4664901_uploaded_image1_1711663618.jpg,"Poules, Lapins et Pigeons",1
Pigeon Mondain Andalou,300,"Cambérène, Dakar, Sénégal",https://images.coinafrique.com/thumb_4664895_uploaded_image1_1711663431.jpg,"Poules, Lapins et Pigeons",1
Pigeon voyageur,10 000,"Rufisque, Sénégal",https://images.coinafrique.com/thumb_4662603_uploaded_image1_1711547811.jpg,"Poules, Lapins et Pigeons",1
Pigeons,50 000,"Rufisque, Sénégal",https://images.coinafrique.com/thumb_4662585_uploaded_image1_1711547077.jpg,"Poules, Lapins et Pigeons",1
Pigeon Texan,80 000,"Rufisque, Sénégal",https://images.coinafrique.com/thumb_4653331_uploaded_image1_1711039616.jpg,"Poules, Lapins et Pigeons",1
Pigeons Mondain,200 000,"Rufisque, Sénégal",https://images.coinafrique.com/thumb_4653298_uploaded_image1_1711039158.jpg,"Poules, Lapins et Pigeons",1
Œufs à couver,12 500,"Mbao, Dakar, Sénégal",https://images.coinafrique.com/thumb_4651892_uploaded_image1_1710962341.jpg,"Poules, Lapins et Pigeons",1
Couple  Brahma Herminé standard,80 000,"Mbao, Dakar, Sénégal",https://images.coinafrique.com/thumb_4650066_uploaded_image1_1710871182.jpg,"Poules, Lapins et Pigeons",2
Brahma,25 000,"Dakar, Sénégal",https://images.coinafrique.com/thumb_4644724_uploaded_image1_1710589505.jpg,"Poules, Lapins et Pigeons",2
Pigeon Boulant,Prix sur demande,"Dakar, Sénégal",https://images.coinafrique.com/thumb_4624925_uploaded_image1_1709567352.jpg,"Poules, Lapins et Pigeons",2
Pigeon King,Prix sur demande,"Dakar, Sénégal",https://images.coinafrique.com/thumb_4624920_uploaded_image1_1709567189.jpg,"Poules, Lapins et Pigeons",2
Pigeon voyageur,15 000,"Dakar, Sénégal",https://images.coinafrique.com/thumb_4624891_uploaded_image1_1709566248.jpg,"Poules, Lapins et Pigeons",2
Pigeons,Prix sur demande,"Almadies 2, Dakar, Sénégal",https://images.coinafrique.com/thumb_4623025_uploaded_image1_1709471989.jpg,"Poules, Lapins et Pigeons",2
Pigeon voyageur Manteau Opale,Prix sur demande,"Guediawaye, Dakar, Sénégal",https://images.coinafrique.com/thumb_4621197_uploaded_image1_1709366454.jpg,"Poules, Lapins et Pigeons",2
Poussin oie,35 000,"Guediawaye, Dakar, Sénégal",https://images.coinafrique.com/thumb_4619799_uploaded_image1_1709296095.jpg,"Poules, Lapins et Pigeons",2
Poulets de chairs,3 500,"Rufisque, Sénégal",https://images.coinafrique.com/thumb_4612683_uploaded_image1_1708957200.jpg,"Poules, Lapins et Pigeons",2
Brahman bleu Lemon,40 000,"Dakar, Sénégal",https://images.coinafrique.com/thumb_4612273_uploaded_image1_1708946489.jpg,"Poules, Lapins et Pigeons",2
Pigeons,Prix sur demande,"Keur Massar, Sénégal",https://images.coinafrique.com/thumb_4612083_uploaded_image1_1708939903.jpg,"Poules, Lapins et Pigeons",2
Lapins,Prix sur demande,"Keur Massar, Sénégal",https://images.coinafrique.com/thumb_4612074_uploaded_image3_1708939673.jpeg,"Poules, Lapins et Pigeons",2
Poussin Marans,10 000,"Dakar, Sénégal",https://images.coinafrique.com/thumb_4603800_uploaded_image1_1708477906.jpg,"Poules, Lapins et Pigeons",2
Pigeons couple Mondain,170 000,"Guediawaye, Dakar, Sénégal",https://images.coinafrique.com/thumb_4598304_uploaded_image1_1708179510.jpg,"Poules, Lapins et Pigeons",2
Couples lapereaux,100 000,"Keur Massar, Sénégal",https://images.coinafrique.com/thumb_4587998_uploaded_image1_1707587252.jpg,"Poules, Lapins et Pigeons",2
Pigeon Lahor,20 000,"Rufisque, Sénégal",https://images.coinafrique.com/thumb_4565457_uploaded_image1_1706369680.jpg,"Poules, Lapins et Pigeons",2
Pigeon Modain,160 000,"Grand Yoff, Dakar, Sénégal",https://images.coinafrique.com/thumb_4561395_uploaded_image1_1706128448.jpg,"Poules, Lapins et Pigeons",2
Lapereau,10 000,"Lac rose, Sénégal",https://images.coinafrique.com/thumb_4556321_uploaded_image1_1705859521.jpg,"Poules, Lapins et Pigeons",2
Poulet de chaire,5 000,"Mbao, Dakar, Sénégal",https://images.coinafrique.com/thumb_4555523_uploaded_image1_1705793143.jpg,"Poules, Lapins et Pigeons",2
Pigeons King,60 000,"Mariste, Dakar, Sénégal",https://images.coinafrique.com/thumb_4548383_uploaded_image1_1705424797.jpg,"Poules, Lapins et Pigeons",2
Paire pigeon  jeune King,60 000,"Mariste, Dakar, Sénégal",https://images.coinafrique.com/thumb_4545200_uploaded_image1_1705269534.jpg,"Poules, Lapins et Pigeons",2
Pigeons,5 000,"Sicap Liberté, Dakar, Sénégal",https://images.coinafrique.com/thumb_4542217_uploaded_image1_1705082041.jpg,"Poules, Lapins et Pigeons",2
Pigeons,5 000,"Sicap Liberté, Dakar, Sénégal",https://images.coinafrique.com/thumb_4542193_uploaded_image1_1705080975.jpg,"Poules, Lapins et Pigeons",2
Lapin,35 000,"Mariste, Dakar, Sénégal",https://images.coinafrique.com/thumb_4517612_uploaded_image1_1703770805.jpg,"Poules, Lapins et Pigeons",2
Pigeon,Prix sur demande,"Ouakam, Dakar, Sénégal",https://images.coinafrique.com/thumb_4513662_uploaded_image2_1703531881.jpeg,"Poules, Lapins et Pigeons",2
Lapin,Prix sur demande,"Mariste, Dakar, Sénégal",https://images.coinafrique.com/thumb_4513225_uploaded_image1_1703497424.jpg,"Poules, Lapins et Pigeons",2
Lapin fauve male,80 000,"Mariste, Dakar, Sénégal",https://images.coinafrique.com/thumb_4512680_uploaded_image1_1703431761.jpg,"Poules, Lapins et Pigeons",2
Couple lapin,Prix sur demande,"Dakar, Sénégal",https://images.coinafrique.com/thumb_4509856_uploaded_image1_1703213564.jpg,"Poules, Lapins et Pigeons",2
Poulet de chair,3 500,"Dakar, Sénégal",https://images.coinafrique.com/thumb_4509252_uploaded_image1_1703175319.jpg,"Poules, Lapins et Pigeons",2
Couple lapereau,40 000,"Dakar, Sénégal",https://images.coinafrique.com/thumb_4505997_uploaded_image1_1702997024.jpg,"Poules, Lapins et Pigeons",2
Couple lapin français,40 000,"Dakar, Sénégal",https://images.coinafrique.com/thumb_4505989_uploaded_image1_1702996795.jpg,"Poules, Lapins et Pigeons",2
Lapin,Prix sur demande,"Yoff, Dakar, Sénégal",https://images.coinafrique.com/thumb_4490937_uploaded_image1_1702037014.jpg,"Poules, Lapins et Pigeons",2
Couple de pigeons,20 000,"Saly, Sénégal",https://images.coinafrique.com/thumb_4483308_uploaded_image1_1701626351.jpg,"Poules, Lapins et Pigeons",2
Lapin Angora male,8 000,"Diamniadio, Sénégal",https://images.coinafrique.com/thumb_4473413_uploaded_image1_1701020741.jpg,"Poules, Lapins et Pigeons",2
Lapin Angora male,18 000,"Diamniadio, Sénégal",https://images.coinafrique.com/thumb_4473399_uploaded_image1_1701019994.jpg,"Poules, Lapins et Pigeons",2
Pigeon King Blanc,75 000,"Mbour, Sénégal",https://images.coinafrique.com/thumb_4471585_uploaded_image1_1700864393.jpg,"Poules, Lapins et Pigeons",2
Pigeon Lahor,40 000,"Mbour, Sénégal",https://images.coinafrique.com/thumb_4471579_uploaded_image1_1700864120.jpg,"Poules, Lapins et Pigeons",2
Femelle lapin demi sang + cage,40 000,"Guediawaye, Dakar, Sénégal",https://images.coinafrique.com/thumb_4464349_uploaded_image1_1700417993.jpg,"Poules, Lapins et Pigeons",2
Lapin,Prix sur demande,"Keur Massar, Sénégal",https://images.coinafrique.com/thumb_4453957_uploaded_image1_1699727543.jpg,"Poules, Lapins et Pigeons",2
Poule Soie,75 000,"Dakar, Sénégal",https://images.coinafrique.com/thumb_4453909_uploaded_image1_1699725929.jpg,"Poules, Lapins et Pigeons",2
Coqs,Prix sur demande,"Ouakam, Dakar, Sénégal",https://images.coinafrique.com/thumb_4444985_uploaded_image1_1699208691.jpg,"Poules, Lapins et Pigeons",2
Lapin,Prix sur demande,"Niaga, Sénégal",https://images.coinafrique.com/thumb_4435893_uploaded_image1_1698681315.jpg,"Poules, Lapins et Pigeons",2
Lapins,Prix sur demande,"Rufisque, Sénégal",https://images.coinafrique.com/thumb_4434579_uploaded_image1_1698581736.jpg,"Poules, Lapins et Pigeons",2
Lapereau,10 000,"Niaga, Sénégal",https://images.coinafrique.com/thumb_4433087_uploaded_image1_1698427048.jpg,"Poules, Lapins et Pigeons",2
Lapereau,10 000,"Niaga, Sénégal",https://images.coinafrique.com/thumb_4425850_uploaded_image1_1697991508.jpg,"Poules, Lapins et Pigeons",2
Cochons d'Inde,15 000,"Keur Massar, Sénégal",https://images.coinafrique.com/thumb_4425812_uploaded_image1_1697988348.jpg,"Poules, Lapins et Pigeons",2
Pigeons voyageur de compétition,15 000,"Grand Yoff, Dakar, Sénégal",https://images.coinafrique.com/thumb_4418928_uploaded_image1_1697461664.jpg,"Poules, Lapins et Pigeons",2
Pigeons,3 000,"Grand Yoff, Dakar, Sénégal",https://images.coinafrique.com/thumb_4418917_uploaded_image1_1697461219.jpg,"Poules, Lapins et Pigeons",2
Pigeon voyageur,5 000,"Grand Yoff, Dakar, Sénégal",https://images.coinafrique.com/thumb_4418908_uploaded_image1_1697461394.jpg,"Poules, Lapins et Pigeons",2
Pigeon,2 000,"Grand Yoff, Dakar, Sénégal",https://images.coinafrique.com/thumb_4418898_uploaded_image1_1697460446.jpg,"Poules, Lapins et Pigeons",2
Lapin,35 000,"Mbao, Dakar, Sénégal",https://images.coinafrique.com/thumb_4408360_uploaded_image1_1696785290.jpg,"Poules, Lapins et Pigeons",2
Pigeon voyageur,8 000,"Rufisque, Sénégal",https://images.coinafrique.com/thumb_4406776_uploaded_image1_1696680924.jpg,"Poules, Lapins et Pigeons",2
Pigeon voyageur,8 000,"Rufisque, Sénégal",https://images.coinafrique.com/thumb_4406771_uploaded_image1_1696680728.jpg,"Poules, Lapins et Pigeons",2
Cochin et Brahma,Prix sur demande,"Keur Massar, Sénégal",https://images.coinafrique.com/thumb_4401630_uploaded_image1_1696382057.jpg,"Poules, Lapins et Pigeons",2
Poussins,26 500,"Pikine, Sénégal",https://images.coinafrique.com/thumb_4399877_uploaded_image1_1696286458.jpg,"Poules, Lapins et Pigeons",2
Poule Brahma,25 000,"Medina, Dakar, Sénégal",https://images.coinafrique.com/thumb_4389249_uploaded_image1_1695564020.jpg,"Poules, Lapins et Pigeons",2
Lapins,20 000,"Niaga, Sénégal",https://images.coinafrique.com/thumb_4384422_uploaded_image1_1695232906.jpg,"Poules, Lapins et Pigeons",2
Lapereau,10 000,"Parcelle Assainies, Dakar, Sénégal",https://images.coinafrique.com/thumb_4381621_uploaded_image1_1695057585.jpg,"Poules, Lapins et Pigeons",2
Pigeons Culbutant français,50 000,"Dakar, Sénégal",https://images.coinafrique.com/thumb_4378163_uploaded_image1_1694787558.jpg,"Poules, Lapins et Pigeons",2
Poule Brahman herminé,Prix sur demande,"Keur Massar, Sénégal",https://images.coinafrique.com/thumb_4369295_uploaded_image1_1694214443.jpg,"Poules, Lapins et Pigeons",2
Lapin,10 000,"Parcelle Assainies, Dakar, Sénégal",https://images.coinafrique.com/thumb_4368816_uploaded_image1_1694188598.jpg,"Poules, Lapins et Pigeons",2
Pigeons de race,350 000,"Cambérène, Dakar, Sénégal",https://images.coinafrique.com/thumb_4368566_uploaded_image1_1694179237.jpg,"Poules, Lapins et Pigeons",2
Lapin,Prix sur demande,"Niaga, Sénégal",https://images.coinafrique.com/thumb_4359251_uploaded_image1_1693583547.jpg,"Poules, Lapins et Pigeons",2
Lapin   Papillon,90 000,"Rufisque, Sénégal",https://images.coinafrique.com/thumb_4347215_uploaded_image1_1692800912.jpg,"Poules, Lapins et Pigeons",2
Lapin,Prix sur demande,"Niaga, Sénégal",https://images.coinafrique.com/thumb_4337665_uploaded_image1_1692197761.jpg,"Poules, Lapins et Pigeons",2
Lapin,Prix sur demande,"Niaga, Sénégal",https://images.coinafrique.com/thumb_4337664_uploaded_image2_1692903389.jpeg,"Poules, Lapins et Pigeons",2
Lapins,Prix sur demande,"Niaga, Sénégal",https://images.coinafrique.com/thumb_4336471_uploaded_image1_1692120444.jpg,"Poules, Lapins et Pigeons",2
Lapereaux,10 000,"Niaga, Sénégal",https://images.coinafrique.com/thumb_4333705_uploaded_image1_1691943760.jpg,"Poules, Lapins et Pigeons",2
Lapereaux,Prix sur demande,"Niaga, Sénégal",https://images.coinafrique.com/thumb_4324644_uploaded_image1_1691345949.jpg,"Poules, Lapins et Pigeons",2
Poussins de chair,Prix sur demande,"Dakar, Sénégal",https://images.coinafrique.com/thumb_4323837_uploaded_image1_1691274033.jpg,"Poules, Lapins et Pigeons",2
Lapin,40 000,"Niaga, Sénégal",https://images.coinafrique.com/thumb_4312499_uploaded_image1_1690566200.jpg,"Poules, Lapins et Pigeons",2
Poules,Prix sur demande,"Thies, Sénégal",https://images.coinafrique.com/thumb_4302571_uploaded_image1_1689893299.jpg,"Poules, Lapins et Pigeons",2
Lapin,Prix sur demande,"Niaga, Sénégal",https://images.coinafrique.com/thumb_4302356_uploaded_image1_1689878968.jpg,"Poules, Lapins et Pigeons",2
Lapin,15 000,"Ouakam, Dakar, Sénégal",https://images.coinafrique.com/thumb_4298076_uploaded_image1_1689619080.jpg,"Poules, Lapins et Pigeons",2
Lapin,80 000,"Dakar, Sénégal",https://images.coinafrique.com/thumb_4296184_uploaded_image1_1689472721.jpg,"Poules, Lapins et Pigeons",2
Poussins Brahmanes,30 000,"Rufisque, Sénégal",https://images.coinafrique.com/thumb_4290482_uploaded_image1_1689101216.jpg,"Poules, Lapins et Pigeons",2
Coq hermine,60 000,"Rufisque, Sénégal",https://images.coinafrique.com/thumb_4290479_uploaded_image1_1689101063.jpg,"Poules, Lapins et Pigeons",2
Lapin nain Loutre,30 000,"Ouakam, Dakar, Sénégal",https://images.coinafrique.com/thumb_4289564_uploaded_image1_1689066044.jpg,"Poules, Lapins et Pigeons",2
Poulets  bleu Holland,6 000,"Rufisque, Sénégal",https://images.coinafrique.com/thumb_4287658_uploaded_image1_1688923156.jpg,"Poules, Lapins et Pigeons",2
Pigeons,Prix sur demande,"Dakar, Sénégal",https://images.coinafrique.com/thumb_4287413_uploaded_image1_1688907084.jpg,"Poules, Lapins et Pigeons",2
Lapins,Prix sur demande,"Dakar, Sénégal",https://images.coinafrique.com/thumb_4287411_uploaded_image1_1688907003.jpg,"Poules, Lapins et Pigeons",2
Pigeon Messager,25 000,"Rufisque, Sénégal",https://images.coinafrique.com/thumb_4286623_uploaded_image1_1688830929.jpg,"Poules, Lapins et Pigeons",2
Pigeons,20 000,"Dakar, Sénégal",https://images.coinafrique.com/thumb_4283652_uploaded_image1_1688651905.jpg,"Poules, Lapins et Pigeons",2
Poulets de chair,4 000,"Keur Massar, Sénégal",https://images.coinafrique.com/thumb_4283570_uploaded_image1_1688648209.jpg,"Poules, Lapins et Pigeons",2
Hamster,15 000,"Almadies 2, Dakar, Sénégal",https://images.coinafrique.com/thumb_5189132_uploaded_image1_1739782582.jpg,Autres Animaux,1
Canards mâles et femelles,Prix sur demande,"Thies, Sénégal",https://images.coinafrique.com/thumb_5185900_uploaded_image1_1739544627.jpg,Autres Animaux,1
Caille,15 000,"Keur Massar, Sénégal",https://images.coinafrique.com/thumb_5182728_uploaded_image1_1739380241.jpg,Autres Animaux,1
Boeuf,Prix sur demande,"Niaga, Sénégal",https://images.coinafrique.com/thumb_5179428_uploaded_image1_1739207935.jpg,Autres Animaux,1
Perroquet perruches ondulées,20 000,"Point E, Dakar, Sénégal",https://images.coinafrique.com/thumb_5138284_uploaded_image1_1737038687.jpg,Autres Animaux,1
Perroquets,15 000,"Thies, Sénégal",https://images.coinafrique.com/thumb_5125396_uploaded_image1_1736351628.jpg,Autres Animaux,1
Chat Siamois,200 000,"Almadies, Dakar, Sénégal",https://images.coinafrique.com/thumb_5103325_uploaded_image1_1734893890.jpg,Autres Animaux,1
Perruches ondulées,20 000,"Point E, Dakar, Sénégal",https://images.coinafrique.com/thumb_5103176_uploaded_image1_1734884464.jpg,Autres Animaux,1
Chaton,Prix sur demande,"Dakar Plateau, Dakar, Sénégal",https://images.coinafrique.com/thumb_5096028_uploaded_image2_1734447537.jpeg,Autres Animaux,1
Chaton Siamois,235 000,"Dakar Plateau, Dakar, Sénégal",https://images.coinafrique.com/thumb_5092278_uploaded_image1_1734215302.jpg,Autres Animaux,1
Poissons Aquarium,8 500,"Dakar, Sénégal",https://images.coinafrique.com/thumb_5068623_uploaded_image1_1732965550.jpg,Autres Animaux,1
Tortues terrestres,35 000,"Ouest Foire, Dakar, Sénégal",https://images.coinafrique.com/thumb_5066823_uploaded_image1_1732865161.jpg,Autres Animaux,1
Bœuf,800 000,"Mbao, Dakar, Sénégal",https://images.coinafrique.com/thumb_5054269_uploaded_image1_1732160455.jpg,Autres Animaux,1
Bœuf,800 000,"Mbao, Dakar, Sénégal",https://images.coinafrique.com/thumb_5054268_uploaded_image1_1732160128.jpg,Autres Animaux,1
Chat Persan,400 000,"Dakar Plateau, Dakar, Sénégal",https://images.coinafrique.com/thumb_5050095_uploaded_image1_1731948012.jpg,Autres Animaux,1
Bœufs,800 000,"Keur Massar, Sénégal",https://images.coinafrique.com/thumb_5042261_uploaded_image1_1731516188.jpg,Autres Animaux,1
Mondain,140 000,"Guediawaye, Dakar, Sénégal",https://images.coinafrique.com/thumb_5041931_uploaded_image1_1731508632.jpg,Autres Animaux,1
Himalayen,265 000,"Dakar Plateau, Dakar, Sénégal",https://images.coinafrique.com/thumb_5041105_uploaded_image1_1731466674.jpg,Autres Animaux,1
persan pure race,400 000,"Dakar Plateau, Dakar, Sénégal",https://images.coinafrique.com/thumb_5041103_uploaded_image1_1731467091.jpg,Autres Animaux,1
British et scottish pure race,650 000,"Dakar Plateau, Dakar, Sénégal",https://images.coinafrique.com/thumb_5041101_uploaded_image1_1731465886.jpg,Autres Animaux,1
Dindes,25 000,"Almadies 2, Dakar, Sénégal",https://images.coinafrique.com/thumb_5035473_uploaded_image1_1731162862.jpg,Autres Animaux,1
Couples Dindons,Prix sur demande,"Saint Louis, Sénégal",https://images.coinafrique.com/thumb_5034401_uploaded_image2_1731090945.jpeg,Autres Animaux,1
Bœuf,300 000,"Biscuiterie, Dakar, Sénégal",https://images.coinafrique.com/thumb_5022926_uploaded_image1_1730540052.jpg,Autres Animaux,1
Chaton de 1 mois,20 000,"Mariste, Dakar, Sénégal",https://images.coinafrique.com/thumb_5017864_uploaded_image1_1730286261.jpg,Autres Animaux,1
Chèvre,60 000,"Keur Massar, Sénégal",https://images.coinafrique.com/thumb_5009683_uploaded_image1_1729789010.jpg,Autres Animaux,1
Caille,1 500,"Guediawaye, Dakar, Sénégal",https://images.coinafrique.com/thumb_5001807_uploaded_image1_1729346954.jpg,Autres Animaux,1
Couple dinde,Prix sur demande,"Guediawaye, Dakar, Sénégal",https://images.coinafrique.com/thumb_5001804_uploaded_image1_1729346440.jpg,Autres Animaux,1
Chat Siamois,170 000,"Point E, Dakar, Sénégal",https://images.coinafrique.com/thumb_4997392_uploaded_image2_1729102102.jpeg,Autres Animaux,1
Bœuf,700 000,"Keur Massar, Sénégal",https://images.coinafrique.com/thumb_4996496_uploaded_image1_1729075617.jpg,Autres Animaux,1
Boeuf,Prix sur demande,"Thies, Sénégal",https://images.coinafrique.com/thumb_4995019_uploaded_image1_1729000242.jpg,Autres Animaux,1
Tortue,35 000,"Hann Bel-Air, Dakar, Sénégal",https://images.coinafrique.com/thumb_4976748_uploaded_image1_1728036550.jpg,Autres Animaux,1
Bleus,Prix sur demande,"Sicap Liberté, Dakar, Sénégal",https://images.coinafrique.com/thumb_4974963_uploaded_image1_1727962840.jpg,Autres Animaux,1
Perroquet,399 000,"Sicap Liberté, Dakar, Sénégal",https://images.coinafrique.com/thumb_4967605_uploaded_image1_1727643698.jpg,Autres Animaux,1
Œufs de caille,4 500,"Mbour, Sénégal",https://images.coinafrique.com/thumb_4962446_uploaded_image1_1727306903.jpg,Autres Animaux,1
Hamster,10 000,"Almadies, Dakar, Sénégal",https://images.coinafrique.com/thumb_4962365_uploaded_image1_1727302829.jpg,Autres Animaux,1
Cailles de chair,2 500,"Thies, Sénégal",https://images.coinafrique.com/thumb_4957482_uploaded_image1_1727090624.jpg,Autres Animaux,1
Chaton,50 000,"Dakar, Sénégal",https://images.coinafrique.com/thumb_4956743_uploaded_image1_1727042864.jpg,Autres Animaux,1
Pintade noire,800 000,"Hann Bel-Air, Dakar, Sénégal",https://images.coinafrique.com/thumb_4942157_uploaded_image1_1726204107.jpg,Autres Animaux,1
Chaton Persan Peaky Face,590 000,"Point E, Dakar, Sénégal",https://images.coinafrique.com/thumb_4941927_uploaded_image1_1726184064.jpg,Autres Animaux,1
Chat,350 000,"Grand Dakar, Dakar, Sénégal",https://images.coinafrique.com/thumb_4928423_uploaded_image1_1725508257.jpg,Autres Animaux,1
Chatons,Prix sur demande,"Mariste, Dakar, Sénégal",https://images.coinafrique.com/thumb_4922546_uploaded_image1_1725269043.jpg,Autres Animaux,1
Poussins de canard,2 500,"Guediawaye, Dakar, Sénégal",https://images.coinafrique.com/thumb_4917429_uploaded_image1_1724966703.jpg,Autres Animaux,1
Dinde rouge Ardenne,Prix sur demande,"Guediawaye, Dakar, Sénégal",https://images.coinafrique.com/thumb_4917420_uploaded_image1_1724966404.jpg,Autres Animaux,1
Perroquets,50 000,"Point E, Dakar, Sénégal",https://images.coinafrique.com/thumb_4903200_uploaded_image1_1724163057.jpg,Autres Animaux,1
Poisson Aquarium,8 500,"Dakar Plateau, Dakar, Sénégal",https://images.coinafrique.com/thumb_4898597_uploaded_image1_1723887709.jpg,Autres Animaux,1
Bœufs,Prix sur demande,"Niaga, Sénégal",https://images.coinafrique.com/thumb_4895608_uploaded_image1_1723716978.jpg,Autres Animaux,1
Chatons persans chinchillas purs,550 000,"Sicap Liberté, Dakar, Sénégal",https://images.coinafrique.com/thumb_4888897_uploaded_image1_1723397770.jpg,Autres Animaux,1
Autruche,750 000,"Almadies 2, Dakar, Sénégal",https://images.coinafrique.com/thumb_4885138_uploaded_image1_1723173640.jpg,Autres Animaux,1
Œufs de caille,3 000,"Thies, Sénégal",https://images.coinafrique.com/thumb_4880858_uploaded_image1_1722971406.jpg,Autres Animaux,1
Œufs de caille,3 000,"Thies, Sénégal",https://images.coinafrique.com/thumb_4880849_uploaded_image1_1722971092.jpg,Autres Animaux,1
vache,Prix sur demande,"Niaga, Sénégal",https://images.coinafrique.com/thumb_4878570_uploaded_image1_1722874635.jpg,Autres Animaux,1
Boeuf,550,"Matam, Sénégal",https://images.coinafrique.com/thumb_4869182_uploaded_image1_1722422052.jpg,Autres Animaux,1
Vache,350 000,"Gassane, Sénégal",https://images.coinafrique.com/thumb_4864739_uploaded_image1_1722168896.jpg,Autres Animaux,1
Chaton hiamalayen,200 000,"Dakar Plateau, Dakar, Sénégal",https://images.coinafrique.com/thumb_4864117_uploaded_image1_1722115248.jpg,Autres Animaux,1
Siamois,200 000,"Yoff, Dakar, Sénégal",https://images.coinafrique.com/thumb_4855435_uploaded_image1_1721662817.jpg,Autres Animaux,1
Bœufs race Goudali,Prix sur demande,"Dakar, Sénégal",https://images.coinafrique.com/thumb_4853741_uploaded_image1_1721569594.jpg,Autres Animaux,1
Vache montbéliardes,2 000 000,"Pikine, Sénégal",https://images.coinafrique.com/thumb_4851931_uploaded_image2_1721447498.jpeg,Autres Animaux,1
Perruche ondulée,15 000,"Dieuppeul-Derklé, Dakar, Sénégal",https://images.coinafrique.com/thumb_4846061_uploaded_image1_1721147785.jpg,Autres Animaux,1
Perruche ondulée,30 000,"Dieuppeul-Derklé, Dakar, Sénégal",https://images.coinafrique.com/thumb_4846053_uploaded_image1_1721147434.jpg,Autres Animaux,1
Perruches ondulées blanches,20 000,"Dieuppeul-Derklé, Dakar, Sénégal",https://images.coinafrique.com/thumb_4846024_uploaded_image1_1721146605.jpg,Autres Animaux,1
Persan pure race,500 000,"Dakar Plateau, Dakar, Sénégal",https://images.coinafrique.com/thumb_4818301_uploaded_image1_1719774491.jpg,Autres Animaux,1
Chatons Persan pure race,450 000,"Dakar Plateau, Dakar, Sénégal",https://images.coinafrique.com/thumb_4808981_uploaded_image1_1719268557.jpg,Autres Animaux,1
Scottish fold et scottish straight de race pure,700 000,"Dakar Plateau, Dakar, Sénégal",https://images.coinafrique.com/thumb_4808971_uploaded_image1_1719267956.jpg,Autres Animaux,1
Foin,4 600,"Keur Massar, Sénégal",https://images.coinafrique.com/thumb_4807500_uploaded_image1_1719210823.jpg,Autres Animaux,1
Paon,140 000,"Yoff, Dakar, Sénégal",https://images.coinafrique.com/thumb_4804686_uploaded_image1_1718999173.jpg,Autres Animaux,1
Chat scotish,750 000,"Dakar Plateau, Dakar, Sénégal",https://images.coinafrique.com/thumb_4803206_uploaded_image1_1718912151.jpg,Autres Animaux,1
Poussin dinde rouge,15 000,"Dakar, Sénégal",https://images.coinafrique.com/thumb_4794677_uploaded_image1_1718313441.jpg,Autres Animaux,1
Cochin Fauve,17 500,"Dakar, Sénégal",https://images.coinafrique.com/thumb_4794473_uploaded_image1_1718301841.jpg,Autres Animaux,1
Poussin Cochin disponible,17 500,"Dakar, Sénégal",https://images.coinafrique.com/thumb_4794466_uploaded_image1_1718301585.jpg,Autres Animaux,1
Chat persan,400 000,"Dakar Plateau, Dakar, Sénégal",https://images.coinafrique.com/thumb_4785131_uploaded_image1_1717786702.jpg,Autres Animaux,1
Chaton Angora,350 000,"Dakar, Sénégal",https://images.coinafrique.com/thumb_4765270_uploaded_image1_1716842569.jpg,Autres Animaux,1
Vache laitière Montbéliarde,Prix sur demande,"Guediawaye, Dakar, Sénégal",https://images.coinafrique.com/thumb_4765247_uploaded_image1_1716841792.jpg,Autres Animaux,1
Chaton Scottish,450 000,"Dakar Plateau, Dakar, Sénégal",https://images.coinafrique.com/thumb_4755374_uploaded_image1_1716328455.jpg,Autres Animaux,1
Vaches Montbéliarde,Prix sur demande,"Pikine, Sénégal",https://images.coinafrique.com/thumb_4753936_uploaded_image1_1716257870.jpg,Autres Animaux,1
Vache Montbéliard et Holstein,Prix sur demande,"Rufisque, Sénégal",https://images.coinafrique.com/thumb_4753935_uploaded_image1_1716257776.jpg,Autres Animaux,1
Vache  Montbéliard Holstein,Prix sur demande,"Pikine, Sénégal",https://images.coinafrique.com/thumb_4753933_uploaded_image1_1716257630.jpg,Autres Animaux,1
Boeuf,800 000,"Kaolack, Sénégal",https://images.coinafrique.com/thumb_4752043_uploaded_image1_1716145974.jpg,Autres Animaux,1
3 chatons,Prix sur demande,"Mariste, Dakar, Sénégal",https://images.coinafrique.com/thumb_4751663_uploaded_image1_1716126912.jpg,Autres Animaux,1
Paon bleu,250 000,"Rufisque, Sénégal",https://images.coinafrique.com/thumb_4686441_uploaded_image1_1712838619.jpg,Autres Animaux,1
Perroquet inséparable,60 000,"Point E, Dakar, Sénégal",https://images.coinafrique.com/thumb_4724298_uploaded_image1_1714756962.jpg,Autres Animaux,1
Chat Siamois,300 000,"Almadies, Dakar, Sénégal",https://images.coinafrique.com/thumb_4723220_uploaded_image1_1714727016.jpg,Autres Animaux,1
Hamster,5 000,"Almadies, Dakar, Sénégal",https://images.coinafrique.com/thumb_4723216_uploaded_image1_1714726904.jpg,Autres Animaux,1
Cailles,Prix sur demande,"Touba, Sénégal",https://images.coinafrique.com/thumb_4701407_uploaded_image1_1713575328.jpg,Autres Animaux,1
Perruche,20 000,"Mamelles, Dakar, Sénégal",https://images.coinafrique.com/thumb_4701230_uploaded_image1_1713565518.jpg,Autres Animaux,1
Chaton,Prix sur demande,"Ngor, Dakar, Sénégal",https://images.coinafrique.com/thumb_4689687_uploaded_image1_1713000926.jpg,Autres Animaux,2
Bœufs,Prix sur demande,"Parcelle Assainies, Dakar, Sénégal",https://images.coinafrique.com/thumb_4679890_uploaded_image1_1712437211.jpg,Autres Animaux,2
Paire de perruches ondulées,40 000,"Mamelles, Dakar, Sénégal",https://images.coinafrique.com/thumb_4679396_uploaded_image1_1712411459.jpg,Autres Animaux,2
Vache brune,Prix sur demande,"Mbour, Sénégal",https://images.coinafrique.com/thumb_4664799_uploaded_image1_1711657831.jpg,Autres Animaux,2
Chatons,Prix sur demande,"Mariste, Dakar, Sénégal",https://images.coinafrique.com/thumb_4651939_uploaded_image1_1710967508.jpg,Autres Animaux,2
Couple perroquet  Roseicollis,60 000,"Point E, Dakar, Sénégal",https://images.coinafrique.com/thumb_4651651_uploaded_image1_1710951067.jpg,Autres Animaux,2
Canard Colvert,25 000,"Mariste, Dakar, Sénégal",https://images.coinafrique.com/thumb_4650420_uploaded_image1_1710887873.jpg,Autres Animaux,2
Chatons,Prix sur demande,"Point E, Dakar, Sénégal",https://images.coinafrique.com/thumb_4646165_uploaded_image1_1710686670.jpg,Autres Animaux,2
Chaton Himalayen,270 000,"Dakar Plateau, Dakar, Sénégal",https://images.coinafrique.com/thumb_4642742_uploaded_image1_1710476161.jpg,Autres Animaux,2
Cage avec 3  oiseaux,60 000,"Dakar, Sénégal",https://images.coinafrique.com/thumb_4640165_uploaded_image1_1710330525.jpg,Autres Animaux,2
Chaton Hymalayen Persan,270 000,"Dakar Plateau, Dakar, Sénégal",https://images.coinafrique.com/thumb_4639205_uploaded_image1_1710275204.jpg,Autres Animaux,2
Chat Brittish Shorthair,700 000,"Dakar Plateau, Dakar, Sénégal",https://images.coinafrique.com/thumb_4629619_uploaded_image1_1709768692.jpg,Autres Animaux,2
Chat Persan Chinchilla,400 000,"Dakar Plateau, Dakar, Sénégal",https://images.coinafrique.com/thumb_4623023_uploaded_image1_1709471973.jpg,Autres Animaux,2
Poussins de canards,3 000,"Guediawaye, Dakar, Sénégal",https://images.coinafrique.com/thumb_4619825_uploaded_image1_1709296934.jpg,Autres Animaux,2
Chaton,Prix sur demande,"Ngor, Dakar, Sénégal",https://images.coinafrique.com/thumb_4608863_uploaded_image1_1708712110.jpg,Autres Animaux,2
Chaton Siamois Hymalayen,240 000,"Dakar Plateau, Dakar, Sénégal",https://images.coinafrique.com/thumb_4593854_uploaded_image1_1707927839.jpg,Autres Animaux,2
Chaton Persan,400 000,"Dakar Plateau, Dakar, Sénégal",https://images.coinafrique.com/thumb_4592914_uploaded_image1_1707885493.jpg,Autres Animaux,2
Chaton Scottish Fold,750 000,"Dakar Plateau, Dakar, Sénégal",https://images.coinafrique.com/thumb_4571582_uploaded_image1_1706729320.jpg,Autres Animaux,2
Perroquet youyou,10 000,"Dieuppeul-Derklé, Dakar, Sénégal",https://images.coinafrique.com/thumb_4570755_uploaded_image2_1706701706.jpeg,Autres Animaux,2
Chaton Persan,400 000,"Dakar Plateau, Dakar, Sénégal",https://images.coinafrique.com/thumb_4569529_uploaded_image1_1706630955.jpg,Autres Animaux,2
Boeuf,600 000,"Mbao, Dakar, Sénégal",https://images.coinafrique.com/thumb_4568012_uploaded_image1_1706543950.jpg,Autres Animaux,2
Cochons d'inde,20 000,"Keur Massar, Sénégal",https://images.coinafrique.com/thumb_4555313_uploaded_image1_1705776199.jpg,Autres Animaux,2
Chaton Scotish Fold,750 000,"Fann, Dakar, Sénégal",https://images.coinafrique.com/thumb_4540889_uploaded_image1_1705029103.jpg,Autres Animaux,2
Chaton Persan,400 000,"Dakar, Sénégal",https://images.coinafrique.com/thumb_4540876_uploaded_image1_1705028116.jpg,Autres Animaux,2
Bœuf,Prix sur demande,"Diamalaye 2, Dakar, Sénégal",https://images.coinafrique.com/thumb_4534540_uploaded_image1_1704746080.jpg,Autres Animaux,2
Poissons aquarium,7 000,"Dakar Plateau, Dakar, Sénégal",https://images.coinafrique.com/thumb_4534116_uploaded_image2_1704727054.jpeg,Autres Animaux,2
Chatons Serval,1 500 000,"Saint Louis, Sénégal",https://images.coinafrique.com/thumb_4517799_uploaded_image1_1703777941.jpg,Autres Animaux,2
Couple dinde,40 000,"Kolda, Sénégal",https://images.coinafrique.com/thumb_4506000_uploaded_image1_1702997150.jpg,Autres Animaux,2
Vaches,1 500 000,"Dakar, Sénégal",https://images.coinafrique.com/thumb_4504586_uploaded_image1_1702911785.jpg,Autres Animaux,2
Cochons,20 000,"Keur Massar, Sénégal",https://images.coinafrique.com/thumb_4503064_uploaded_image1_1702806770.jpg,Autres Animaux,2
Cochons,20 000,"Keur Massar, Sénégal",https://images.coinafrique.com/thumb_4503058_uploaded_image1_1702806558.jpg,Autres Animaux,2
Pintade,75 000,"Guediawaye, Dakar, Sénégal",https://images.coinafrique.com/thumb_4465594_uploaded_image1_1700505532.jpg,Autres Animaux,2
Brittish Shorthair,800 000,"Dakar Plateau, Dakar, Sénégal",https://images.coinafrique.com/thumb_4462219_uploaded_image1_1700244596.jpg,Autres Animaux,2
Perruche Anglaise,40 000,"Dieuppeul-Derklé, Dakar, Sénégal",https://images.coinafrique.com/thumb_4456172_uploaded_image1_1699885668.jpg,Autres Animaux,2
Perruches ondulées,15 000,"Dieuppeul-Derklé, Dakar, Sénégal",https://images.coinafrique.com/thumb_4456156_uploaded_image1_1699884359.jpg,Autres Animaux,2
Cailles,1 500,"Dakar, Sénégal",https://images.coinafrique.com/thumb_4454743_uploaded_image1_1699793813.jpg,Autres Animaux,2
Perruche ondulée,7 000,"Thies, Sénégal",https://images.coinafrique.com/thumb_4452994_uploaded_image1_1699659802.jpg,Autres Animaux,2
Paon,250 000,"Dakar, Sénégal",https://images.coinafrique.com/thumb_4451044_uploaded_image1_1699554808.jpg,Autres Animaux,2
Canards,Prix sur demande,"Thies, Sénégal",https://images.coinafrique.com/thumb_4442030_uploaded_image1_1699015617.jpg,Autres Animaux,2
Paon,65 000,"Yoff, Dakar, Sénégal",https://images.coinafrique.com/thumb_4435457_uploaded_image1_1698661056.jpg,Autres Animaux,2
Pintade,7 000,"Keur Massar, Sénégal",https://images.coinafrique.com/thumb_4412768_uploaded_image1_1697036744.jpg,Autres Animaux,2
Perroquet,50 000,"Point E, Dakar, Sénégal",https://images.coinafrique.com/thumb_4411374_uploaded_image1_1696959883.jpg,Autres Animaux,2
Oies de Toulouse,Prix sur demande,"Thies, Sénégal",https://images.coinafrique.com/thumb_4409000_uploaded_image1_1696840958.jpg,Autres Animaux,2
Dindes,30 000,"Guediawaye, Dakar, Sénégal",https://images.coinafrique.com/thumb_4408804_uploaded_image1_1696809535.jpg,Autres Animaux,2
Pintades,40 000,"Guediawaye, Dakar, Sénégal",https://images.coinafrique.com/thumb_4408799_uploaded_image1_1696809191.jpg,Autres Animaux,2
Veaux,450 000,"Pikine, Sénégal",https://images.coinafrique.com/thumb_4407653_uploaded_image1_1696730126.jpg,Autres Animaux,2
Chèvre,80 000,"Thies, Sénégal",https://images.coinafrique.com/thumb_4387674_uploaded_image1_1695430824.jpg,Autres Animaux,2
Chat Persan,650 000,"Point E, Dakar, Sénégal",https://images.coinafrique.com/thumb_4386249_uploaded_image1_1695340690.jpg,Autres Animaux,2
Dinde rouge pair,35 000,"Dakar, Sénégal",https://images.coinafrique.com/thumb_4381112_uploaded_image1_1695035479.jpg,Autres Animaux,2
Bœuf,450 000,"Dakar, Sénégal",https://images.coinafrique.com/thumb_4379382_uploaded_image1_1694875556.jpg,Autres Animaux,2
Chaton,Prix sur demande,"Ouest Foire, Dakar, Sénégal",https://images.coinafrique.com/thumb_4365267_uploaded_image1_1694000653.jpg,Autres Animaux,2
Taureau,320 000,"Rufisque, Sénégal",https://images.coinafrique.com/thumb_4335558_uploaded_image1_1692061499.jpg,Autres Animaux,2
Chaton Gimalayen Siamois,250 000,"Fann, Dakar, Sénégal",https://images.coinafrique.com/thumb_4333502_uploaded_image1_1691932427.jpg,Autres Animaux,2
Perruches ondulées,20 000,"Point E, Dakar, Sénégal",https://images.coinafrique.com/thumb_4331659_uploaded_image1_1691773285.jpg,Autres Animaux,2
Perroquets,60 000,"Point E, Dakar, Sénégal",https://images.coinafrique.com/thumb_4331654_uploaded_image1_1691772808.jpg,Autres Animaux,2
Chatons  British shorthair,650 000,"Dakar Plateau, Dakar, Sénégal",https://images.coinafrique.com/thumb_4328377_uploaded_image1_1691583410.jpg,Autres Animaux,2
Cailles de chair,500,"Colobane, Dakar, Sénégal",https://images.coinafrique.com/thumb_4327166_uploaded_image1_1691508551.jpg,Autres Animaux,2
Chat Scottish fold,700 000,"Dakar, Sénégal",https://images.coinafrique.com/thumb_4326378_uploaded_image1_1691464417.jpg,Autres Animaux,2
Bœuf,Prix sur demande,"Niaga, Sénégal",https://images.coinafrique.com/thumb_4303523_uploaded_image1_1689962222.jpg,Autres Animaux,2
Vache,600 000,"Niaga, Sénégal",https://images.coinafrique.com/thumb_4303521_uploaded_image1_1689962163.jpg,Autres Animaux,2
Poussins d'autruche,50 000,"Bambey, Sénégal",https://images.coinafrique.com/thumb_4292496_uploaded_image1_1689236421.jpg,Autres Animaux,2
Chat tigré,60 000,"Rufisque, Sénégal",https://images.coinafrique.com/thumb_4290090_uploaded_image1_1689085062.jpg,Autres Animaux,2
Chat tigré,60 000,"Rufisque, Sénégal",https://images.coinafrique.com/thumb_4290086_uploaded_image1_1689084975.jpg,Autres Animaux,2
Vache,Prix sur demande,"Niaga, Sénégal",https://images.coinafrique.com/thumb_4284952_uploaded_image1_1688734268.jpg,Autres Animaux,2
Canard,30 000,"Guediawaye, Dakar, Sénégal",https://images.coinafrique.com/thumb_4251761_uploaded_image1_1686479149.jpg,Autres Animaux,2
Autruche,40 000,"Bambey, Sénégal",https://images.coinafrique.com/thumb_4274068_uploaded_image1_1688027259.jpg,Autres Animaux,2
Chatons persans chinchilla golden shaded,500 000,"Sicap Liberté, Dakar, Sénégal",https://images.coinafrique.com/thumb_4268926_uploaded_image1_1687601650.jpg,Autres Animaux,2
Chat persan chinchilla blue golden shaded,650 000,"Sicap Liberté, Dakar, Sénégal",https://images.coinafrique.com/thumb_4268866_uploaded_image1_1687597344.jpg,Autres Animaux,2
Chat persan chinchilla golden shaded,500 000,"Sicap Liberté, Dakar, Sénégal",https://images.coinafrique.com/thumb_4268857_uploaded_image1_1687596952.jpg,Autres Animaux,2
Perruches ondulées,20 000,"Dieuppeul-Derklé, Dakar, Sénégal",https://images.coinafrique.com/thumb_4268218_uploaded_image1_1687536623.jpg,Autres Animaux,2
Oies,45 000,"Thies, Sénégal",https://images.coinafrique.com/thumb_4263743_uploaded_image1_1687283716.jpg,Autres Animaux,2
Poissons aquariums,7 500,"Dakar Plateau, Dakar, Sénégal",https://images.coinafrique.com/thumb_4258053_uploaded_image1_1686843939.jpg,Autres Animaux,2
Chaton,Prix sur demande,"Ouest Foire, Dakar, Sénégal",https://images.coinafrique.com/thumb_4254477_uploaded_image1_1686653757.jpg,Autres Animaux,2
Paon,Prix sur demande,"Yoff, Dakar, Sénégal",https://images.coinafrique.com/thumb_4250701_uploaded_image1_1686389684.jpg,Autres Animaux,2
Perruche,30 000,"Point E, Dakar, Sénégal",https://images.coinafrique.com/thumb_4236158_uploaded_image1_1685471000.jpg,Autres Animaux,2
Paon,400,"Touba, Sénégal",https://images.coinafrique.com/thumb_4226444_uploaded_image1_1684797786.jpg,Autres Animaux,2
Poussins bleus hollandais,1 500,"Mbao, Dakar, Sénégal",https://images.coinafrique.com/thumb_4223952_uploaded_image1_1684611180.jpg,Autres Animaux,2
Chaton Siamois Himalayen,275 000,"Fann, Dakar, Sénégal",https://images.coinafrique.com/thumb_4215680_uploaded_image1_1684074328.jpg,Autres Animaux,2
Poissons aquarium,15 000,"Dakar Plateau, Dakar, Sénégal",https://images.coinafrique.com/thumb_4213007_uploaded_image1_1683888858.jpg,Autres Animaux,2
Cailles,7 000,"Touba, Sénégal",https://images.coinafrique.com/thumb_4208226_uploaded_image1_1683592423.jpg,Autres Animaux,2
Boeuf,600 000,"Bambey, Sénégal",https://images.coinafrique.com/thumb_4196106_uploaded_image1_1682881461.jpg,Autres Animaux,2
Perruches,30 000,"Hann Bel-Air, Dakar, Sénégal",https://images.coinafrique.com/thumb_4194617_uploaded_image1_1682759209.jpg,Autres Animaux,2
Perroquet,35 000,"Dakar, Sénégal",https://images.coinafrique.com/thumb_4185842_uploaded_image1_1682102205.jpg,Autres Animaux,2
Couple de perruches,14 900,"Thies, Sénégal",https://images.coinafrique.com/thumb_4180902_uploaded_image1_1681767382.jpg,Autres Animaux,2
